"Genes","ProtDesc","X1H_vs_X5H","Diff_Abund","negLog10_sca_adjPval","sca.t","sca.P.Value","AveExpr","count","sca.adj.pval","P.Value","adj.P.Val","SharedSignificant","unchanged","backgrdnd"
"FTL","Ferritin light chain",-7.49,"Up in X1H",10.827,-61.5791821862266,8.85947144298888e-15,19.05,12,1.48781999325593e-11,1.95271563010087e-13,3.23816999557256e-10,TRUE,TRUE,TRUE
"MCM5","DNA replication licensing factor MCM5",-2.7,"Up in X1H",10.775,-57.8533208166577,1.70312642093192e-14,18.71,14,1.67956650544237e-11,7.79880177435398e-13,6.5922157284075e-10,TRUE,TRUE,TRUE
"DDX21","ATP-dependent RNA helicase DDX50;Nucleolar RNA helicase 2",-2.14,"Up in X1H",10.593,-54.083424303252,3.44805217995366e-14,20.64,36,2.55026559359823e-11,5.07046140120264e-12,2.72822710884491e-09,TRUE,TRUE,TRUE
"DNMT1","DNA (cytosine-5)-methyltransferase 1",-2.43,"Up in X1H",9.908,-43.6902487359486,3.21158655165886e-13,17.4,19,1.23593842429181e-10,1.15613710705793e-11,4.56057550830786e-09,TRUE,TRUE,TRUE
"CHDH","Choline dehydrogenase, mitochondrial",1.22,"Up in X5H",9.764,41.6386111515843,5.30747712390655e-13,20.55,22,1.7233321342196e-10,1.3464148676958e-10,1.53206476387616e-08,TRUE,TRUE,TRUE
"MTTP","Microsomal triglyceride transfer protein large subunit",1.85,"Up in X5H",9.764,41.4724447446674,5.53376889473929e-13,21.39,43,1.7233321342196e-10,4.50097661256474e-11,9.18354435053295e-09,TRUE,TRUE,TRUE
"MCM2","DNA replication licensing factor MCM2",-2.46,"Up in X1H",9.713,-40.2846479621322,7.49497424501998e-13,18.13,19,1.93857137181064e-10,2.14562893719453e-11,6.04556496256193e-09,TRUE,TRUE,TRUE
"POLRMT","DNA-directed RNA polymerase, mitochondrial",-1.78,"Up in X1H",9.695,-39.5894982743854,8.98810195506276e-13,18.09,23,2.01914411907055e-10,5.24741198793798e-11,9.42962513202107e-09,TRUE,TRUE,TRUE
"NDRG1","Protein NDRG1",2.15,"Up in X5H",9.591,38.3364500377384,1.25720403337043e-12,19.6,7,2.56512974670788e-10,4.79540883168089e-12,2.72822710884491e-09,TRUE,TRUE,TRUE
"SFXN3","Sideroflexin-3",1.86,"Up in X5H",9.517,37.3601392215496,1.6453328732695e-12,19.58,19,3.04232331597988e-10,6.18721918086031e-11,9.63415155082906e-09,TRUE,TRUE,TRUE
"CES2","Cocaine esterase",1.42,"Up in X5H",9.447,36.5988929654411,2.03925318992037e-12,20.4,20,3.5758559807348e-10,1.45039341491603e-10,1.58925515482559e-08,TRUE,TRUE,TRUE
"CRYL1","Lambda-crystallin homolog",1.48,"Up in X5H",9.447,36.5723374784859,2.05474232457298e-12,19.29,13,3.5758559807348e-10,6.50211119989674e-11,9.86486973584334e-09,TRUE,TRUE,TRUE
"P4HA1","Prolyl 4-hydroxylase subunit alpha-1",1.57,"Up in X5H",9.242,34.0989238013362,4.26215052154347e-12,21.87,39,5.73162378090289e-10,2.52670274284905e-10,2.26522729233906e-08,TRUE,TRUE,TRUE
"MCM6","DNA replication licensing factor MCM6",-2.44,"Up in X1H",9.178,-33.551704730331,5.04411876976274e-12,18.22,19,6.63245572459692e-10,9.6726343187296e-11,1.27184393919829e-08,TRUE,TRUE,TRUE
"MCM3","DNA replication licensing factor MCM3",-2.31,"Up in X1H",9.173,-33.4418507802225,5.21930574918433e-12,18.55,22,6.71361567780949e-10,1.12293860011358e-10,1.38425577018167e-08,TRUE,TRUE,TRUE
"NOL11","Nucleolar protein 11",-1.67,"Up in X1H",9.083,-32.2791459180096,7.54308493292524e-12,18.23,18,8.26526547187382e-10,2.16364877831874e-10,2.06488868085678e-08,TRUE,TRUE,TRUE
"H6PD","GDH/6PGL endoplasmic bifunctional protein",2.01,"Up in X5H",9.057,31.769944257807,8.89982399955881e-12,18.78,25,8.77670976756491e-10,2.16060590522854e-10,2.06488868085678e-08,TRUE,TRUE,TRUE
"TIMP1","Metalloproteinase inhibitor 1",-3.77,"Up in X1H",9.052,-31.6838100935492,9.15469461815011e-12,16.87,4,8.8800537796056e-10,2.7600777508187e-11,6.80474168816426e-09,TRUE,TRUE,TRUE
"AFMID","Kynurenine formamidase",3.67,"Up in X5H",8.925,30.5145909921349,1.35335553565383e-11,16.15,6,1.18835076246867e-09,8.92960758522683e-11,1.20789487724455e-08,TRUE,TRUE,TRUE
"BDH1","D-beta-hydroxybutyrate dehydrogenase, mitochondrial",3.07,"Up in X5H",8.925,30.5560586017569,1.33438961695837e-11,18.87,12,1.18835076246867e-09,1.52322205502506e-10,1.63870998174241e-08,TRUE,TRUE,TRUE
"DBN1","Drebrin",-2.04,"Up in X1H",8.909,-30.3193119527996,1.44672450749767e-11,17.45,11,1.23335662416353e-09,1.72043594904888e-10,1.75514129491762e-08,TRUE,TRUE,TRUE
"PECR","Peroxisomal trans-2-enoyl-CoA reductase",1.12,"Up in X5H",8.898,30.0987794708526,1.56072794294515e-11,21.16,22,1.26504482717896e-09,1.12902786727183e-09,5.40073465860938e-08,TRUE,TRUE,TRUE
"ACSF2","Medium-chain acyl-CoA ligase ACSF2, mitochondrial",1.66,"Up in X5H",8.876,29.7341446948523,1.77139414744941e-11,19.28,24,1.33042253530416e-09,4.87078555978275e-10,3.43100454252792e-08,TRUE,TRUE,TRUE
"MCM4","DNA replication licensing factor MCM4",-2.28,"Up in X1H",8.865,-29.6172686494502,1.84535606799939e-11,18.12,19,1.36487148179405e-09,2.95370650995696e-10,2.49672591705934e-08,TRUE,TRUE,TRUE
"MTARC2","Mitochondrial amidoxime reducing component 2",2.33,"Up in X5H",8.79,29.0254769124924,2.2756078713315e-11,17.25,7,1.62226165959862e-09,1.26088829953233e-10,1.46287766045741e-08,TRUE,TRUE,TRUE
"MCM7","DNA replication licensing factor MCM7",-2.3,"Up in X1H",8.776,-28.8694041900226,2.40659863693435e-11,18.86,20,1.67527578055771e-09,3.70475064090705e-10,2.84688435613597e-08,TRUE,TRUE,TRUE
"DCAF13","DDB1- and CUL4-associated factor 13",-1.64,"Up in X1H",8.714,-28.2889612514549,2.97125851315907e-11,18.05,10,1.93197105740244e-09,2.91096657825159e-10,2.49672591705934e-08,TRUE,TRUE,TRUE
"ACOX2","Peroxisomal acyl-coenzyme A oxidase 2",1.35,"Up in X5H",8.695,28.1116857908369,3.17148657110422e-11,18.5,25,2.01781570335738e-09,1.16626199940223e-09,5.43247176011121e-08,TRUE,TRUE,TRUE
"CTBS","Di-N-acetylchitobiase",3.23,"Up in X5H",8.676,27.8796885064177,3.4561486041682e-11,15.96,7,2.1082506485426e-09,2.45428949923259e-10,2.26522729233906e-08,TRUE,TRUE,TRUE
"TGFB1","Transforming growth factor beta-1 proprotein",-3.42,"Up in X1H",8.671,-27.8234413938853,3.52929930805515e-11,18.09,4,2.13090449038391e-09,1.01985202248824e-10,1.31184009066585e-08,TRUE,TRUE,TRUE
"CPQ","Carboxypeptidase Q",1.97,"Up in X5H",8.668,27.7755587589449,3.59290757475185e-11,19.24,7,2.14739738583906e-09,1.61288126314808e-10,1.70418186322271e-08,TRUE,TRUE,TRUE
"ALDH6A1","Methylmalonate-semialdehyde dehydrogenase [acylating], mitochondrial",1.41,"Up in X5H",8.433,26.0263895988104,7.04935099698556e-11,20.43,24,3.69123980966049e-09,1.80082579279369e-09,7.15133303084581e-08,TRUE,TRUE,TRUE
"ACSS2","Acetyl-coenzyme A synthetase, cytoplasmic",1.73,"Up in X5H",8.423,25.9078430423059,7.39049352792086e-11,19.21,17,3.77562134734751e-09,1.13180851388806e-09,5.40073465860938e-08,TRUE,TRUE,TRUE
"FDFT1","Squalene synthase",2.08,"Up in X5H",8.423,25.889858597211,7.44380709112363e-11,21.33,19,3.77562134734751e-09,1.00260434276837e-09,4.994296881354e-08,TRUE,TRUE,TRUE
"PCNA","Proliferating cell nuclear antigen",-1.28,"Up in X1H",8.39,-25.5480176154028,8.54150731119452e-11,21.1,11,4.07581441615629e-09,9.84975503383649e-10,4.99370684381364e-08,TRUE,TRUE,TRUE
"GSTT1","Glutathione S-transferase theta-1",1.73,"Up in X5H",8.376,25.4418902079756,8.91741721781543e-11,18.34,17,4.20800920939426e-09,1.31257912977786e-09,5.83949677510946e-08,TRUE,TRUE,TRUE
"SORL1","Sortilin-related receptor",1.06,"Up in X5H",8.37,25.3589622043773,9.22375230824721e-11,19.36,53,4.26197125018717e-09,5.69575444648044e-09,1.50454370802789e-07,TRUE,TRUE,TRUE
"TF","Serotransferrin",2.11,"Up in X5H",8.369,25.293223526728,9.4747726171267e-11,21.77,58,4.27955950958311e-09,1.43327716355963e-09,6.14543549042199e-08,TRUE,TRUE,TRUE
"HMGCL","Hydroxymethylglutaryl-CoA lyase, mitochondrial",1.32,"Up in X5H",8.28,24.5571026027116,1.28585618511657e-10,19.45,15,5.24718003264464e-09,2.20895860929136e-09,8.11826589514098e-08,TRUE,TRUE,TRUE
"FMO5","Flavin-containing monooxygenase 5",2.15,"Up in X5H",8.273,24.4943433740676,1.32031352600616e-10,18.56,13,5.33529239354082e-09,1.32627315146852e-09,5.85638674420837e-08,TRUE,TRUE,TRUE
"GNL2","Nucleolar GTP-binding protein 2",-2.01,"Up in X1H",8.256,-24.3640978795893,1.39509137942455e-10,17.61,14,5.54010449131213e-09,1.50172291971975e-09,6.34692465427267e-08,TRUE,TRUE,TRUE
"GALK1","Galactokinase",1.44,"Up in X5H",8.246,24.2392758574821,1.47112115764279e-10,20.18,19,5.67468328678124e-09,2.63345547632522e-09,9.11801420758859e-08,TRUE,TRUE,TRUE
"ESF1","ESF1 homolog",-1.81,"Up in X1H",8.238,-24.173371888062,1.5130824953184e-10,17.77,13,5.7760704030961e-09,1.62213845256563e-09,6.73429416173949e-08,TRUE,TRUE,TRUE
"LAD1","Ladinin-1",-1.43,"Up in X1H",8.231,-24.1182814823777,1.5491640614178e-10,18.47,14,5.87589984064686e-09,2.1391160345638e-09,7.94920140704927e-08,TRUE,TRUE,TRUE
"RPS19BP1","Active regulator of SIRT1",-2.16,"Up in X1H",8.213,-24.0076190944911,1.62451981851645e-10,17.08,5,6.12247373640882e-09,3.32836295197672e-10,2.65560998613206e-08,TRUE,TRUE,TRUE
"LACTB","Serine beta-lactamase-like protein LACTB, mitochondrial",1.46,"Up in X5H",8.202,23.9359734823139,1.67544022970482e-10,18.73,17,6.27441761972367e-09,2.65066101939345e-09,9.11858212311107e-08,TRUE,TRUE,TRUE
"HDHD3","Haloacid dehalogenase-like hydrolase domain-containing protein 3",1.44,"Up in X5H",8.128,23.3911484885448,2.12493433386545e-10,19.87,12,7.43978488371709e-09,2.29108752172674e-09,8.31678826138475e-08,TRUE,TRUE,TRUE
"RNASET2","Ribonuclease T2",1.85,"Up in X5H",8.104,23.2226461439582,2.28948894062719e-10,20.41,12,7.86547845279862e-09,2.14514573036689e-09,7.94920140704927e-08,TRUE,TRUE,TRUE
"TPP1","Tripeptidyl-peptidase 1",1.28,"Up in X5H",8.063,22.9243798366306,2.61599847915521e-10,22.2,14,8.64740949785553e-09,3.67389315212827e-09,1.1322096761012e-07,TRUE,TRUE,TRUE
"GRSF1","G-rich sequence factor 1",-1.6,"Up in X1H",8.063,-22.9091220007991,2.63401841516697e-10,20.48,7,8.6481351378742e-09,9.55027721705737e-10,4.99370684381364e-08,TRUE,TRUE,TRUE
"BYSL","Bystin",-1.41,"Up in X1H",8.019,-22.6321058100521,2.98594645115564e-10,18.5,8,9.57748009631648e-09,1.3851228147659e-09,6.00005044198621e-08,TRUE,TRUE,TRUE
"MEP1A","Meprin A subunit alpha",2.13,"Up in X5H",7.969,22.3515334259666,3.39549258516236e-10,18.06,14,1.07439195863132e-08,3.12278574641903e-09,1.00421322073703e-07,TRUE,TRUE,TRUE
"USP36","Ubiquitin carboxyl-terminal hydrolase 36",-1.67,"Up in X1H",7.904,-21.9635482960806,4.06644227934678e-10,18.73,9,1.24669113818108e-08,2.62589289127014e-09,9.11801420758859e-08,TRUE,TRUE,TRUE
"MDC1","Mediator of DNA damage checkpoint protein 1",-1.9,"Up in X1H",7.893,-21.8662404520979,4.25661125491135e-10,17.23,21,1.27849587793454e-08,4.67551237650231e-09,1.31113775979925e-07,TRUE,TRUE,TRUE
"DDX50","ATP-dependent RNA helicase DDX50;ATP-dependent RNA helicase DDX50;Nucleolar RNA helicase 2",-2.02,"Up in X1H",7.865,-21.6907023616084,4.62473354027747e-10,20.4,3,1.36422500922368e-08,3.61323082044156e-11,7.91832843131581e-09,TRUE,TRUE,TRUE
"RFC3","Replication factor C subunit 3",-1.22,"Up in X1H",7.859,-21.6032352905362,4.82103967315473e-10,17.61,10,1.38476173524546e-08,3.63151748941866e-09,1.12860470436146e-07,TRUE,TRUE,TRUE
"ELAC2","Zinc phosphodiesterase ELAC protein 2",-1.09,"Up in X1H",7.858,-21.5921737081108,4.84650773554373e-10,17.94,12,1.38535199377837e-08,5.66706742698125e-09,1.5036788325313e-07,TRUE,TRUE,TRUE
"GAA","Lysosomal alpha-glucosidase",1.14,"Up in X5H",7.802,21.1470280764057,6.00423285330522e-10,20.49,19,1.57813167038214e-08,1.09234074070923e-08,2.34180440680308e-07,TRUE,TRUE,TRUE
"ETFDH","Electron transfer flavoprotein-ubiquinone oxidoreductase, mitochondrial",1.24,"Up in X5H",7.712,20.572897771235,7.96619407484527e-10,18.55,11,1.93975186587899e-08,6.73950269290188e-09,1.68260073560761e-07,TRUE,TRUE,TRUE
"POFUT2","GDP-fucose protein O-fucosyltransferase 2",1.23,"Up in X5H",7.551,19.6177364732865,1.29711778500869e-09,19.06,13,2.8113721369584e-08,1.27585412931049e-08,2.64126810427028e-07,TRUE,TRUE,TRUE
"PAK1IP1","p21-activated protein kinase-interacting protein 1",-2.04,"Up in X1H",7.538,-19.5345011610846,1.35485417754332e-09,19.5,16,2.89818934082892e-08,1.09827834475956e-08,2.34603356171202e-07,TRUE,TRUE,TRUE
"SLC13A5","Solute carrier family 13 member 5",1.8,"Up in X5H",7.465,19.0643100332085,1.73856730304481e-09,18.89,8,3.42903424403871e-08,8.95971121724832e-09,2.0468961881258e-07,TRUE,TRUE,TRUE
"WDR43","WD repeat-containing protein 43",-1.6,"Up in X1H",7.421,-18.828161195847,1.97489159667033e-09,19.46,9,3.79397194074621e-08,1.12277446550683e-08,2.38116720874692e-07,TRUE,TRUE,TRUE
"NUP50","Nuclear pore complex protein Nup50",-1.83,"Up in X1H",7.413,-18.7818888110226,2.02519215418158e-09,17.39,11,3.86550386332012e-08,1.36721314061375e-08,2.770479504456e-07,TRUE,TRUE,TRUE
"KNOP1","Lysine-rich nucleolar protein 1",-1.66,"Up in X1H",7.384,-18.6301722364135,2.20018775931732e-09,17.1,8,4.13286062599384e-08,1.08269753031542e-08,2.32957137704594e-07,TRUE,TRUE,TRUE
"MGST3","Microsomal glutathione S-transferase 3",1.41,"Up in X5H",7.37,18.536297376374,2.31670070151081e-09,18.22,4,4.27037945509017e-08,2.93621620011221e-10,2.49672591705934e-08,TRUE,TRUE,TRUE
"CPT1A","Carnitine O-palmitoyltransferase 1, liver isoform",1.18,"Up in X5H",7.368,18.5242188598698,2.33217508871358e-09,20.48,19,4.28555279500567e-08,2.87101876839017e-08,4.57664644756516e-07,TRUE,TRUE,TRUE
"DHX33","ATP-dependent RNA helicase DHX33",-1.54,"Up in X1H",7.359,-18.4808297179756,2.38870152686259e-09,18.02,11,4.37583496422476e-08,1.63695806280567e-08,3.06515217013328e-07,TRUE,TRUE,TRUE
"UGT1A1","UDP-glucuronosyltransferase 1-6;UDP-glucuronosyltransferase 1A1",1.57,"Up in X5H",7.335,18.3540711516477,2.56259329050648e-09,21.24,11,4.62282454266062e-08,1.73360195338524e-08,3.19555226111541e-07,TRUE,TRUE,TRUE
"AKR7A2","Aflatoxin B1 aldehyde reductase member 2",1.01,"Up in X5H",7.294,18.1055474043548,2.94506644930616e-09,19.94,12,5.08045428004213e-08,2.64966654518793e-08,4.35502137441027e-07,TRUE,TRUE,TRUE
"BCKDHA","2-oxoisovalerate dehydrogenase subunit alpha, mitochondrial",1.03,"Up in X5H",7.162,17.4102774142337,4.38893304788657e-09,18.77,9,6.88841295605964e-08,2.10288190327907e-08,3.64890094478072e-07,TRUE,TRUE,TRUE
"NCEH1","Neutral cholesterol ester hydrolase 1",1.91,"Up in X5H",7.137,17.2783924899271,4.74195417555471e-09,17.96,14,7.28782931344343e-08,3.19786183112401e-08,4.83361725347988e-07,TRUE,TRUE,TRUE
"ACADS","Short-chain specific acyl-CoA dehydrogenase, mitochondrial",1.34,"Up in X5H",7.137,17.272385038565,4.75875673781766e-09,19.76,14,7.29470560043189e-08,3.7821511048755e-08,5.42628585550716e-07,TRUE,TRUE,TRUE
"AKR1D1","Aldo-keto reductase family 1 member D1",1.82,"Up in X5H",7.101,17.1057038012867,5.25189595828858e-09,17.44,11,7.9274154043861e-08,3.19346881937814e-08,4.83361725347988e-07,TRUE,TRUE,TRUE
"TXNIP","Thioredoxin-interacting protein",1.46,"Up in X5H",7.079,16.9919691950218,5.62031830020291e-09,17.76,7,8.33469257701769e-08,2.00172289237566e-08,3.53558040423486e-07,TRUE,TRUE,TRUE
"NIPSNAP1","Protein NipSnap homolog 1",1.01,"Up in X5H",7.067,16.9270504983723,5.84319684028357e-09,20.92,11,8.57494764033704e-08,4.09832539781841e-08,5.73281120068358e-07,TRUE,TRUE,TRUE
"AMACR","Alpha-methylacyl-CoA racemase",1.36,"Up in X5H",7.032,16.7390166728318,6.54507076795751e-09,18.13,13,9.2870944206246e-08,4.67237496113721e-08,6.2266762714074e-07,TRUE,TRUE,TRUE
"CTSH","Pro-cathepsin H",1.15,"Up in X5H",7.029,16.7223036197388,6.6117748545331e-09,19.9,11,9.35929947709864e-08,4.33919542138038e-08,5.91590306643035e-07,TRUE,TRUE,TRUE
"FUCA1","Tissue alpha-L-fucosidase",1.28,"Up in X5H",6.924,16.234054852612,8.9291835925338e-09,20.57,12,1.18995448912213e-07,5.91011489751908e-08,7.33126831207975e-07,TRUE,TRUE,TRUE
"GALT","Galactose-1-phosphate uridylyltransferase",2.15,"Up in X5H",6.896,16.1027779761816,9.69440033993631e-09,17.48,4,1.27109542057905e-07,2.04759641235852e-08,3.58450531713768e-07,TRUE,TRUE,TRUE
"ZNF593","Zinc finger protein 593",-2.13,"Up in X1H",6.895,-16.0887904173098,9.78006395162692e-09,16.35,2,1.27463961237393e-07,2.61937942457566e-09,9.11801420758859e-08,TRUE,TRUE,TRUE
"CADM1","Cell adhesion molecule 1",3.67,"Up in X5H",6.883,16.0438164716419,1.00611447340657e-08,16.27,5,1.30839106354873e-07,4.46914927782687e-08,6.00999006293218e-07,TRUE,TRUE,TRUE
"WDR74","WD repeat-containing protein 74",-1.69,"Up in X1H",6.853,-15.8946274597491,1.10585628281428e-08,18.07,9,1.40415270931591e-07,5.51447711122284e-08,6.8983427203183e-07,TRUE,TRUE,TRUE
"NCR3LG1","Natural cytotoxicity triggering receptor 3 ligand 1",-2.15,"Up in X1H",6.841,-15.8473497049395,1.13967843374253e-08,16.92,8,1.44091395137918e-07,5.45420255882009e-08,6.86649288096563e-07,TRUE,TRUE,TRUE
"NOLC1","Nucleolar and coiled-body phosphoprotein 1",-2,"Up in X1H",6.83,-15.7896789420636,1.18247283089521e-08,20.13,12,1.47921601277102e-07,6.71516522119998e-08,8.01081302698393e-07,TRUE,TRUE,TRUE
"NAGLU","Alpha-N-acetylglucosaminidase",1.61,"Up in X5H",6.794,15.6497230396662,1.29380175711231e-08,16.77,20,1.60828256235998e-07,8.96395943246681e-08,9.87704803759891e-07,TRUE,TRUE,TRUE
"RBBP4","Histone-binding protein RBBP4;Histone-binding protein RBBP4;Histone-binding protein RBBP7",-1.38,"Up in X1H",6.719,-15.3158909965947,1.60840460977349e-08,19.41,8,1.91103013574895e-07,6.58808088323257e-08,7.92310459066811e-07,TRUE,TRUE,TRUE
"SDAD1","Protein SDA1 homolog",-1.65,"Up in X1H",6.691,-15.1934958812227,1.74393032852352e-08,17.48,8,2.03929560353235e-07,7.6050596815428e-08,8.70389519065546e-07,TRUE,TRUE,TRUE
"PMVK","Phosphomevalonate kinase",1.64,"Up in X5H",6.68,15.1339022895569,1.81438736104152e-08,16.92,12,2.08866342709779e-07,1.01837619190882e-07,1.07763745123089e-06,TRUE,TRUE,TRUE
"EPDR1","Mammalian ependymin-related protein 1",1.42,"Up in X5H",6.649,14.9885386006666,1.99963104415897e-08,20.33,5,2.24512654426729e-07,3.08033093572823e-08,4.74246417882149e-07,TRUE,TRUE,TRUE
"CPLX2","Complexin-2",-3.88,"Up in X1H",6.628,-14.8991240592847,2.12376690468712e-08,18.08,3,2.35463395292024e-07,7.21364086184004e-08,8.46195342362663e-07,TRUE,TRUE,TRUE
"ERG28","Ergosterol biosynthetic protein 28 homolog",1.49,"Up in X5H",6.623,14.8762646643389,2.15683616841768e-08,20.51,3,2.38425810829818e-07,3.0603981984836e-09,9.94965722001509e-08,TRUE,TRUE,TRUE
"SLC38A5","Sodium-coupled neutral amino acid transporter 5",-2.13,"Up in X1H",6.523,-14.4747114236757,2.83960506546559e-08,17.87,2,3.00034699506426e-07,1.45456021849039e-08,2.88895008767604e-07,TRUE,TRUE,TRUE
"SQSTM1","Sequestosome-1",-2.25,"Up in X1H",6.487,-14.3364963062328,3.12658731499857e-08,18.94,10,3.25704527162791e-07,1.50443863111104e-07,1.45947800323263e-06,TRUE,TRUE,TRUE
"RPL37A","60S ribosomal protein L37a",-1.54,"Up in X1H",6.462,-14.2342641497441,3.35919021038924e-08,19.28,3,3.4499278804413e-07,9.22630097617413e-09,2.08366499526803e-07,TRUE,TRUE,TRUE
"METTL7A","Methyltransferase-like protein 7A",1.36,"Up in X5H",6.45,14.1717905756901,3.51058243234391e-08,20.5,9,3.55078910293657e-07,1.5490472495973e-07,1.4879403532252e-06,TRUE,TRUE,TRUE
"HOGA1","4-hydroxy-2-oxoglutarate aldolase, mitochondrial",2.87,"Up in X5H",6.435,14.1167877097375,3.65004325198108e-08,16.65,4,3.67566698368164e-07,1.18012130822734e-07,1.19574674215285e-06,TRUE,TRUE,TRUE
"FAM172A","Cotranscriptional regulator FAM172A",2.33,"Up in X5H",6.418,14.0503562363273,3.82659301451854e-08,16.6,4,3.81820419340746e-07,1.00749874760181e-07,1.0739606700478e-06,TRUE,TRUE,TRUE
"SLC30A9","Zinc transporter 9",1.65,"Up in X5H",6.344,13.7765713421333,4.65904263266632e-08,16.51,5,4.52669216050683e-07,1.07742091117947e-07,1.12634267340087e-06,TRUE,TRUE,TRUE
"GSTA1","Glutathione S-transferase A1;Glutathione S-transferase A1;Glutathione S-transferase A1;Glutathione S-transferase A2",1.52,"Up in X5H",6.338,13.7500363901998,4.74966817405085e-08,19.78,5,4.59212199115341e-07,9.55757547318588e-08,1.03575410393481e-06,TRUE,TRUE,TRUE
"NOM1","Nucleolar MIF4G domain-containing protein 1",-1.73,"Up in X1H",6.233,-13.332796397161,6.45910170767298e-08,16.62,8,5.84380807405215e-07,2.60134591873834e-07,2.23074837698184e-06,TRUE,TRUE,TRUE
"RBM3","RNA-binding protein 3",-1.66,"Up in X1H",6.222,-13.2886187220155,6.67616972516448e-08,17.74,3,5.99474398010547e-07,4.30547335103555e-08,5.91590306643035e-07,TRUE,TRUE,TRUE
"POLR1G","DNA-directed RNA polymerase I subunit RPA34",-1.83,"Up in X1H",6.198,-13.181422742442,7.23666912976044e-08,17.16,6,6.34361055419148e-07,2.37649744894055e-07,2.07400227218012e-06,TRUE,TRUE,TRUE
"CNTNAP4","Contactin-associated protein-like 4",-2.82,"Up in X1H",6.17,-13.0682926933555,7.88434846819899e-08,18.08,1,6.76111447628021e-07,9.73543032803256e-08,1.04926304646573e-06,TRUE,TRUE,TRUE
"CA9","Carbonic anhydrase 9",3.95,"Up in X5H",6.14,12.9254213008665,8.79414132439143e-08,16.51,5,7.24720532262173e-07,3.45051497834654e-07,2.78122486745701e-06,TRUE,TRUE,TRUE
"UGT1A6","UDP-glucuronosyltransferase 1-6;UDP-glucuronosyltransferase 1-6;UDP-glucuronosyltransferase 1A1;UDP-glucuronosyltransferase 1A3",1.56,"Up in X5H",6.126,12.8725721542,9.15916350896787e-08,20.42,2,7.47514075621557e-07,8.04444160933042e-09,1.90570521684263e-07,TRUE,TRUE,TRUE
"SIDT2","SID1 transmembrane family member 2",2.33,"Up in X5H",6.117,12.8367995284287,9.41559669182913e-08,15.32,4,7.64226140268216e-07,2.5253853545347e-07,2.18460601502658e-06,TRUE,TRUE,TRUE
"THNSL1","Threonine synthase-like 1",1.52,"Up in X5H",6.113,12.8228290580673,9.51785840977937e-08,17.02,10,7.71468057680336e-07,4.14179745909052e-07,3.18702063768568e-06,TRUE,TRUE,TRUE
"NSA2","Ribosome biogenesis protein NSA2 homolog",-1.78,"Up in X1H",6.102,-12.7889496729635,9.77091232823694e-08,18.84,7,7.89815413199152e-07,3.5454480342514e-07,2.84260379656715e-06,TRUE,TRUE,TRUE
"FAM207A","Protein FAM207A",-1.83,"Up in X1H",6.101,-12.7794392088937,9.84325965242616e-08,17.13,6,7.92415882495314e-07,3.1997528578629e-07,2.62912107406123e-06,TRUE,TRUE,TRUE
"PRODH2","Hydroxyproline dehydrogenase",1.71,"Up in X5H",6.101,12.7776572803967,9.85687983267905e-08,17.36,12,7.92434211548396e-07,4.53032734213854e-07,3.40176990906519e-06,TRUE,TRUE,TRUE
"ST6GAL1","Beta-galactoside alpha-2,6-sialyltransferase 1",1.32,"Up in X5H",6.019,12.4833372690259,1.24154416861331e-07,17.65,7,9.57785768668179e-07,3.89642614719204e-07,3.0508770811423e-06,TRUE,TRUE,TRUE
"DHRS3","Short-chain dehydrogenase/reductase 3",1.25,"Up in X5H",6.018,12.480047610535,1.24478446413871e-07,17.72,6,9.59035113842281e-07,2.90283964907087e-07,2.42600313609496e-06,TRUE,TRUE,TRUE
"KIF4A","Chromosome-associated kinesin KIF4A",-3.54,"Up in X1H",5.962,-12.2831717477484,1.45654700002312e-07,15.55,10,1.09093526571352e-06,6.02296005145065e-07,4.29674273763032e-06,TRUE,TRUE,TRUE
"HSPA12A","Heat shock 70 kDa protein 12A",1.52,"Up in X5H",5.82,11.7939433693687,2.17335110227661e-07,15.8,10,1.51469004383636e-06,8.72543659445925e-07,5.71743170868388e-06,TRUE,TRUE,TRUE
"UBR1","E3 ubiquitin-protein ligase UBR1",2.19,"Up in X5H",5.819,11.7856053150743,2.18849902307606e-07,15.21,8,1.51809691196803e-06,8.27640886565044e-07,5.48393183180892e-06,TRUE,TRUE,TRUE
"ORM1","Alpha-1-acid glycoprotein 1",-2.02,"Up in X1H",5.809,-11.7513990982932,2.25185622779428e-07,16.01,3,1.55113309660754e-06,3.62547452622198e-07,2.89499767498724e-06,TRUE,TRUE,TRUE
"CNPY4","Protein canopy homolog 4",1.6,"Up in X5H",5.787,11.6787547710716,2.39313467736594e-07,15.8,6,1.63460412472207e-06,6.97915256969652e-07,4.81301232574526e-06,TRUE,TRUE,TRUE
"NT5C3B","7-methylguanosine phosphate-specific 5'-nucleotidase",2.03,"Up in X5H",5.787,11.6775030522556,2.39565204897928e-07,15.38,2,1.63460412472207e-06,2.21544412536386e-07,1.96828571918588e-06,TRUE,TRUE,TRUE
"CAMLG","Calcium signal-modulating cyclophilin ligand",2.07,"Up in X5H",5.752,11.5627377627865,2.63918196129039e-07,15.17,3,1.76997941108777e-06,4.52850730744396e-07,3.40176990906519e-06,TRUE,TRUE,TRUE
"NGEF","Ephexin-1",1.24,"Up in X5H",5.722,11.4587683879377,2.88318917922798e-07,16.15,6,1.89747914488838e-06,6.86017730163934e-07,4.73839959868662e-06,TRUE,TRUE,TRUE
"ISOC2","Isochorismatase domain-containing protein 2",1.52,"Up in X5H",5.714,11.4320659819848,2.94974857634646e-07,19.34,6,1.93012415182429e-06,8.29797978179766e-07,5.49207453790791e-06,TRUE,TRUE,TRUE
"FAM169A","Soluble lamin-associated protein of 75 kDa",1.13,"Up in X5H",5.674,11.3055280295775,3.28873590923048e-07,19.96,17,2.11745923557309e-06,1.62147456541341e-06,9.31482039179725e-06,TRUE,TRUE,TRUE
"AS3MT","Arsenite methyltransferase",2.05,"Up in X5H",5.658,11.2552007201679,3.43515097996364e-07,15.66,8,2.1973825241562e-06,1.24250077231093e-06,7.54038673821924e-06,TRUE,TRUE,TRUE
"SLC26A6","Solute carrier family 26 member 6",1.33,"Up in X5H",5.658,11.2560518802492,3.43261657070876e-07,18.64,11,2.1973825241562e-06,1.37963242713651e-06,8.19794800120652e-06,TRUE,TRUE,TRUE
"FXYD1","Phospholemman",1.46,"Up in X5H",5.657,11.2503279132507,3.44969947136314e-07,20.04,1,2.20192791500061e-06,8.58232713757137e-09,1.98365740910195e-07,TRUE,TRUE,TRUE
"LLPH","Protein LLP homolog",-1.63,"Up in X1H",5.625,-11.1448687410708,3.78157459176775e-07,16.97,1,2.37280772635099e-06,4.76423127216959e-08,6.2924009904972e-07,TRUE,TRUE,TRUE
"GLTPD2","Glycolipid transfer protein domain-containing protein 2",1.64,"Up in X5H",5.612,11.1005781055661,3.93117912049683e-07,17.29,6,2.44592921724287e-06,1.14610449907961e-06,7.05671209266813e-06,TRUE,TRUE,TRUE
"TMEM62","Transmembrane protein 62",2.24,"Up in X5H",5.599,11.0585325507557,4.07917380997138e-07,16.04,6,2.51946465903973e-06,1.33653584143665e-06,8.00433458884684e-06,TRUE,TRUE,TRUE
"FOXRED2","FAD-dependent oxidoreductase domain-containing protein 2",-1.73,"Up in X1H",5.597,-11.0527635617652,4.09994835158072e-07,16.86,2,2.5296553072266e-06,2.33525328989314e-07,2.05010292526672e-06,TRUE,TRUE,TRUE
"SLC20A1","Sodium-dependent phosphate transporter 1",-2.33,"Up in X1H",5.583,-11.0126821443444,4.24750154145636e-07,14.76,1,2.60980961794364e-06,4.3264188246226e-07,3.2861900109489e-06,TRUE,TRUE,TRUE
"CAPN2","Calpain-2 catalytic subunit",2.44,"Up in X5H",5.577,10.9939028996357,4.31861301608303e-07,16.54,8,2.64800344208946e-06,1.55380846671959e-06,8.9871795675267e-06,TRUE,TRUE,TRUE
"SMN1","Survival motor neuron protein",-1.03,"Up in X1H",5.57,-10.9700613809032,4.41076559723858e-07,17.58,4,2.69334365726116e-06,2.02344882196947e-07,1.84843361547741e-06,TRUE,TRUE,TRUE
"ASRGL1","Isoaspartyl peptidase/L-asparaginase",1.87,"Up in X5H",5.553,10.9204543600053,4.60943763791984e-07,16.74,4,2.80020970262543e-06,1.01258404143941e-06,6.39296580366583e-06,TRUE,TRUE,TRUE
"MCEE","Methylmalonyl-CoA epimerase, mitochondrial",1.37,"Up in X5H",5.491,10.7302292789604,5.46653377405205e-07,18.63,4,3.224873413865e-06,7.43169925882014e-07,5.04281703147234e-06,TRUE,TRUE,TRUE
"CCDC86","Coiled-coil domain-containing protein 86",-1.67,"Up in X1H",5.485,-10.7102954618549,5.5659282831501e-07,17.99,9,3.27371746037765e-06,1.97204053263939e-06,1.08443901780923e-05,TRUE,TRUE,TRUE
"DBT","Lipoamide acyltransferase component of branched-chain alpha-keto acid dehydrogenase complex, mitochondrial",1.12,"Up in X5H",5.485,10.7109832057473,5.56246649404803e-07,17.86,12,3.27371746037765e-06,2.26307286754616e-06,1.22051012798583e-05,TRUE,TRUE,TRUE
"SELENOS","Selenoprotein S",-1.82,"Up in X1H",5.456,-10.6228373522645,6.02584553340168e-07,15.82,2,3.50314929428009e-06,4.86259841765034e-07,3.6100369933798e-06,TRUE,TRUE,TRUE
"ZNF114","Zinc finger protein 114",-2.29,"Up in X1H",5.452,-10.6120132405738,6.08558127499711e-07,15,1,3.5336981750891e-06,6.36730789156986e-07,4.47000215654438e-06,TRUE,TRUE,TRUE
"BCL2L13","Bcl-2-like protein 13",1.42,"Up in X5H",5.4,10.4485199343419,7.07070964592204e-07,15.82,7,3.98315019120874e-06,2.12081491534239e-06,1.1548158815872e-05,TRUE,TRUE,TRUE
"KHK","Ketohexokinase (Fragment)",3.32,"Up in X5H",5.394,10.4285786116761,7.20226750712738e-07,16.49,1,4.03283623945517e-06,1.51873204224453e-06,8.81878066139439e-06,TRUE,TRUE,TRUE
"GCKR","Glucokinase regulatory protein",2.7,"Up in X5H",5.374,10.3706738958083,7.59959415629843e-07,15.72,9,4.22223461247116e-06,2.65652857920214e-06,1.3752125637042e-05,TRUE,TRUE,TRUE
"IAH1","Isoamyl acetate-hydrolyzing esterase 1 homolog",1.96,"Up in X5H",5.359,10.3263295146334,7.91997771461411e-07,15.51,4,4.37150262475482e-06,1.83119258082611e-06,1.0229694218408e-05,TRUE,TRUE,TRUE
"MAP1LC3A","Microtubule-associated proteins 1A/1B light chain 3 beta 2",-1.37,"Up in X1H",5.273,-10.0702506096369,1.00823277092468e-06,17.59,1,5.33128981730236e-06,5.16762574034316e-08,6.60406943965669e-07,TRUE,TRUE,TRUE
"GGACT","Gamma-glutamylaminecyclotransferase",2.64,"Up in X5H",5.263,10.0412263291,1.03653128709795e-06,15.64,4,5.46169190975825e-06,2.87644462421518e-06,1.465296873034e-05,TRUE,TRUE,TRUE
"BNIP3L","BCL2/adenovirus E1B 19 kDa protein-interacting protein 3-like;BCL2/adenovirus E1B 19 kDa protein-interacting protein 3-like;BCL2/adenovirus E1B 19 kDa protein-interacting protein 3",1.47,"Up in X5H",5.238,9.9692451100899,1.1105059794408e-06,17.66,1,5.77912390532209e-06,1.45980552071928e-07,1.43007769306225e-06,TRUE,TRUE,TRUE
"SULT1C2","Sulfotransferase 1C2",2.9,"Up in X5H",5.238,9.97009633590915,1.10959838784547e-06,15.48,3,5.77912390532209e-06,2.83926130231851e-06,1.45453758665097e-05,TRUE,TRUE,TRUE
"PURB","Transcriptional activator protein Pur-beta",2.48,"Up in X5H",5.233,9.95708458764237,1.12356015907451e-06,15.51,3,5.84192044046034e-06,2.56919470222523e-06,1.3441136209608e-05,TRUE,TRUE,TRUE
"BNIP3","BCL2/adenovirus E1B 19 kDa protein-interacting protein 3-like;BCL2/adenovirus E1B 19 kDa protein-interacting protein 3",1.18,"Up in X5H",5.218,9.91320077616575,1.17207308670083e-06,17.92,3,6.05161994241608e-06,4.87660226658256e-07,3.613654056741e-06,TRUE,TRUE,TRUE
"CDIPT","CDP-diacylglycerol--inositol 3-phosphatidyltransferase",1.99,"Up in X5H",5.202,9.8669153737365,1.22571752002587e-06,16.91,2,6.28472319410145e-06,1.51353856925491e-06,8.79725708672032e-06,TRUE,TRUE,TRUE
"MACROD1","ADP-ribose glycohydrolase MACROD1",1.54,"Up in X5H",5.199,9.85660107373868,1.23803146688878e-06,18.17,6,6.33140206532492e-06,3.33390043465736e-06,1.64938870166117e-05,TRUE,TRUE,TRUE
"NUDT8","Nucleoside diphosphate-linked moiety X motif 8",1.4,"Up in X5H",5.183,9.8151822127206,1.28885050517102e-06,16.69,8,6.56858608018684e-06,3.9905581453237e-06,1.904204237571e-05,TRUE,TRUE,TRUE
"MCFD2","Multiple coagulation factor deficiency protein 2",1.64,"Up in X5H",5.107,9.61451230381072,1.56931963750369e-06,19.17,2,7.81621573662403e-06,1.18154312979365e-06,7.2522725093247e-06,TRUE,TRUE,TRUE
"APP","Amyloid-beta precursor protein",-1.51,"Up in X1H",5.086,-9.55349839895304,1.66724257100271e-06,16,3,8.20721654960319e-06,1.9091365205022e-06,1.05474890679846e-05,TRUE,TRUE,TRUE
"DDX55","ATP-dependent RNA helicase DDX55",-1.22,"Up in X1H",5.07,-9.51023340206352,1.74069176987712e-06,16.06,8,8.5121266135231e-06,5.14026665485384e-06,2.33961213821309e-05,TRUE,TRUE,TRUE
"MPV17L2","Mpv17-like protein 2",-2.47,"Up in X1H",5.066,-9.50058567909529,1.75754466723792e-06,15.33,2,8.58744161523268e-06,3.23718350533418e-06,1.6123244782039e-05,TRUE,TRUE,TRUE
"MTIF3","Translation initiation factor IF-3, mitochondrial",1.69,"Up in X5H",5.058,9.47546787078898,1.80225750507072e-06,15.32,1,8.75530185345113e-06,8.62701879246981e-07,5.67178557722709e-06,TRUE,TRUE,TRUE
"PPP1R12C","Protein phosphatase 1 regulatory subunit 12C",1.63,"Up in X5H",5.016,9.35402637966713,2.03657032715548e-06,15.46,5,9.64802772280144e-06,4.86149164380293e-06,2.23334208512282e-05,TRUE,TRUE,TRUE
"ACSM3","Acyl-coenzyme A synthetase ACSM3, mitochondrial",2,"Up in X5H",5.002,9.31939218570845,2.10930714387191e-06,17.04,10,9.95276744042272e-06,6.77786344431205e-06,2.93762823014518e-05,TRUE,TRUE,TRUE
"MELTF","Melanotransferrin",1.95,"Up in X5H",4.971,9.2358829651562,2.29654477617424e-06,15.14,4,1.06952769949794e-05,5.24956221966654e-06,2.37838129048751e-05,TRUE,TRUE,TRUE
"CCDC137","Coiled-coil domain-containing protein 137",-1.61,"Up in X1H",4.971,-9.23294429514328,2.30345386106413e-06,16.94,1,1.06982233091966e-05,9.48044870260538e-07,6.09737119275174e-06,TRUE,TRUE,TRUE
"BAIAP2L1","Brain-specific angiogenesis inhibitor 1-associated protein 2-like protein 1",-1.64,"Up in X1H",4.97,-9.23050639119849,2.30920271039914e-06,14.62,1,1.07165117156327e-05,1.04250774564834e-06,6.53444738453519e-06,TRUE,TRUE,TRUE
"NIPSNAP3A","Protein NipSnap homolog 3A",1.07,"Up in X5H",4.951,9.1813131210697,2.42859493297992e-06,17.05,5,1.11882144826119e-05,3.80929664943278e-06,1.83547298653858e-05,TRUE,TRUE,TRUE
"RELL1","RELT-like protein 1",-2.29,"Up in X1H",4.9,-9.04242677146664,2.80332530175607e-06,15.28,2,1.25851865026485e-05,4.78119230355172e-06,2.19986896268394e-05,TRUE,TRUE,TRUE
"HGSNAT","Heparan-alpha-glucosaminide N-acetyltransferase",1.98,"Up in X5H",4.877,8.97984471493202,2.99228174656682e-06,15.24,2,1.3272362139757e-05,4.131367906658e-06,1.95094205137234e-05,TRUE,TRUE,TRUE
"MRFAP1","MORF4 family-associated protein 1",-2.16,"Up in X1H",4.86,-8.93604636198652,3.1327198063327e-06,16.25,2,1.37918921830882e-05,4.97790084613752e-06,2.27445863371395e-05,TRUE,TRUE,TRUE
"PHYHD1","Phytanoyl-CoA dioxygenase domain-containing protein 1",1.21,"Up in X5H",4.843,8.89422328754596,3.27351397346685e-06,15.23,2,1.43689778790826e-05,7.35312502795041e-07,4.99650718223777e-06,TRUE,TRUE,TRUE
"LYRM7","Complex III assembly factor LYRM7",-1.82,"Up in X1H",4.819,-8.8293467172254,3.50567007394875e-06,19.04,3,1.51630481195575e-05,6.00462996008661e-06,2.66137793811479e-05,TRUE,TRUE,TRUE
"C1orf174","UPF0688 protein C1orf174",-1.87,"Up in X1H",4.797,-8.76994458090641,3.7339415166215e-06,14.71,1,1.59752219478304e-05,3.31548832368443e-06,1.64165225198668e-05,TRUE,TRUE,TRUE
"MEAK7","MTOR-associated protein MEAK7",2.32,"Up in X5H",4.775,8.7144491656696,3.96180774666809e-06,15.5,5,1.67802551446207e-05,1.0568357910483e-05,4.28014878551182e-05,TRUE,TRUE,TRUE
"CUL7","Cullin-7",1.79,"Up in X5H",4.766,8.69204946643884,4.05801195375305e-06,16.12,7,1.71562616151263e-05,1.13804030935927e-05,4.54985439897216e-05,TRUE,TRUE,TRUE
"SNX17","Sorting nexin-17",-1.79,"Up in X1H",4.766,-8.69175782342796,4.05928109872855e-06,15.6,5,1.71562616151263e-05,9.93413433785551e-06,4.05941111029634e-05,TRUE,TRUE,TRUE
"SLC38A1","Sodium-coupled neutral amino acid transporter 1",-1.94,"Up in X1H",4.728,-8.59782350961178,4.49133116620905e-06,15.76,2,1.8714934162295e-05,6.2228789504853e-06,2.74168091958463e-05,TRUE,TRUE,TRUE
"MAD2L1","Mitotic spindle assembly checkpoint protein MAD2A",-1.48,"Up in X1H",4.727,-8.59598516917804,4.50026855158318e-06,17.99,4,1.87389789019829e-05,8.18141664353238e-06,3.44061423452602e-05,TRUE,TRUE,TRUE
"MYO6","Unconventional myosin-6",1.39,"Up in X5H",4.704,8.53401830047885,4.81309103775813e-06,16.3,3,1.97908684297532e-05,5.43034809454778e-06,2.44717210018578e-05,TRUE,TRUE,TRUE
"TBCEL","Tubulin-specific chaperone cofactor E-like protein",2.41,"Up in X5H",4.698,8.5193704549735,4.89042824749021e-06,16,5,2.00531281638251e-05,1.2987312111654e-05,5.09588367139634e-05,TRUE,TRUE,TRUE
"BPHL","Valacyclovir hydrolase",1.13,"Up in X5H",4.683,8.47966163270562,5.10693213822565e-06,17.98,9,2.07254577927854e-05,1.4551785906528e-05,5.58384677100688e-05,TRUE,TRUE,TRUE
"PIK3CB","Phosphatidylinositol 4,5-bisphosphate 3-kinase catalytic subunit beta isoform",1.46,"Up in X5H",4.617,8.31866201956544,6.09728456272379e-06,16.08,6,2.41645229455035e-05,1.48976842208199e-05,5.69611233655295e-05,TRUE,TRUE,TRUE
"SPTAN1","Spectrin alpha chain, non-erythrocytic 1",1.23,"Up in X5H",4.597,8.27331762957169,6.41240452947175e-06,16.43,2,2.52947984005896e-05,2.38255562626965e-06,1.27119762314134e-05,TRUE,TRUE,TRUE
"TMLHE","Trimethyllysine dioxygenase, mitochondrial",1.35,"Up in X5H",4.594,8.26575831317431,6.46663103790483e-06,17.11,7,2.54917094279033e-05,1.66428831646678e-05,6.24847333028804e-05,TRUE,TRUE,TRUE
"GALNS","N-acetylgalactosamine-6-sulfatase",2.38,"Up in X5H",4.58,8.23388780414062,6.70077139945505e-06,16.44,7,2.63270015740873e-05,1.85607085716682e-05,6.85541277269417e-05,TRUE,TRUE,TRUE
"CDKN1B","Cyclin-dependent kinase inhibitor 1B",2.35,"Up in X5H",4.558,8.17881744863352,7.1272589557888e-06,15.64,2,2.76537647484605e-05,1.29721909653763e-05,5.09332806517131e-05,TRUE,TRUE,TRUE
"F7","Coagulation factor VII",2.41,"Up in X5H",4.55,8.1585611159595,7.29144562779375e-06,15.56,4,2.81983554115396e-05,1.76955469550792e-05,6.58105288077961e-05,TRUE,TRUE,TRUE
"OPA3","Optic atrophy 3 protein",1.25,"Up in X5H",4.512,8.06913344192245,8.06682109985733e-06,16.7,2,3.07547554432061e-05,3.7289398135242e-06,1.80115403074471e-05,TRUE,TRUE,TRUE
"DEPTOR","DEP domain-containing mTOR-interacting protein",2.58,"Up in X5H",4.49,8.02283547204536,8.50290378712099e-06,15.3,4,3.23547792336945e-05,2.08795170329293e-05,7.56083857306259e-05,TRUE,TRUE,TRUE
"GUK1","Guanylate kinase",1.28,"Up in X5H",4.481,8.00390058825401,8.68854021690686e-06,17.08,6,3.3039905182158e-05,1.98376566384585e-05,7.25908561099313e-05,TRUE,TRUE,TRUE
"BOD1L2","Biorientation of chromosomes in cell division protein 1-like 2",2.08,"Up in X5H",4.435,7.89970144189267,9.79172684546408e-06,15.41,2,3.670751754695e-05,1.58362920668256e-05,6.00277643558022e-05,TRUE,TRUE,TRUE
"SMIM12","Small integral membrane protein 12",-1.41,"Up in X1H",4.385,-7.78564339578744,1.11754625494129e-05,16.84,2,4.12251944544114e-05,8.94063080662003e-06,3.71240087598391e-05,TRUE,TRUE,TRUE
"PRSS8","Prostasin",2.88,"Up in X5H",4.361,7.73330871963806,1.18798826510355e-05,15.61,3,4.35252418861777e-05,2.74525492149865e-05,9.57763760053509e-05,TRUE,TRUE,TRUE
"PAFAH2","Platelet-activating factor acetylhydrolase 2, cytoplasmic",2.07,"Up in X5H",4.349,7.70886203021707,1.22252439920484e-05,15.32,3,4.47458936945706e-05,2.40690203890549e-05,8.55867750252631e-05,TRUE,TRUE,TRUE
"GDPD1","Lysophospholipase D GDPD1",1.85,"Up in X5H",4.319,7.63747213918122,1.32973636333553e-05,16.88,8,4.80051864664815e-05,3.48350396910284e-05,0.000116781263372133,TRUE,TRUE,TRUE
"ATL1","Atlastin-1",1.71,"Up in X5H",4.268,7.52327533673693,1.52292901849512e-05,14.89,2,5.39914380014118e-05,1.94820319220025e-05,7.15106593563826e-05,TRUE,TRUE,TRUE
"NUDT19","Nucleoside diphosphate-linked moiety X motif 19",1.25,"Up in X5H",4.216,7.41037477103898,1.74404221432404e-05,18.14,12,6.08102403191239e-05,4.76029628266105e-05,0.000154168982509608,TRUE,TRUE,TRUE
"MTFMT","Methionyl-tRNA formyltransferase, mitochondrial",1.85,"Up in X5H",4.215,7.40885194067549,1.74725175369213e-05,16.28,5,6.08862698857264e-05,4.00611872146651e-05,0.000132796663725027,TRUE,TRUE,TRUE
"LDHD","Probable D-lactate dehydrogenase, mitochondrial",2.85,"Up in X5H",4.204,7.38569005016182,1.79686188589906e-05,16.06,6,6.25045959956774e-05,4.54373596710733e-05,0.000148455470554247,TRUE,TRUE,TRUE
"SCML2","Sex comb on midleg-like protein 2",-1.88,"Up in X1H",4.175,-7.32323797280822,1.93836028615778e-05,14.87,2,6.67983565124961e-05,2.88262878475084e-05,9.96874022172455e-05,TRUE,TRUE,TRUE
"CNOT6L","CCR4-NOT transcription complex subunit 6-like",1.72,"Up in X5H",4.164,7.30155940980955,1.99025104187059e-05,15.01,3,6.85067796087743e-05,3.39932705436774e-05,0.000114478191125179,TRUE,TRUE,TRUE
"GUSB","Beta-glucuronidase",1.63,"Up in X5H",4.16,7.29269766686879,2.01189264187865e-05,15.31,5,6.91712304590121e-05,4.40114539418577e-05,0.000144434704921781,TRUE,TRUE,TRUE
"RPF1","Ribosome production factor 1",-1.22,"Up in X1H",4.144,-7.25850610111718,2.09780287140024e-05,16.64,5,7.17912064203309e-05,3.9967022426365e-05,0.000132558784583409,TRUE,TRUE,TRUE
"CIT","Citron Rho-interacting kinase",-1.32,"Up in X1H",4.12,-7.20825175106871,2.23133307493997e-05,15.03,5,7.58345652178049e-05,4.4538623772183e-05,0.000145841193613728,TRUE,TRUE,TRUE
"CHCHD2","Coiled-coil-helix-coiled-coil-helix domain-containing protein 2",-0.95,"Up in X1H",4.06,-7.07630673201697,2.62753968731228e-05,18.27,3,8.70988926040715e-05,1.57228156788504e-05,5.9674086190993e-05,TRUE,TRUE,TRUE
"AURKA","Aurora kinase A;Aurora kinase A;Aurora kinase B",-1.87,"Up in X1H",4.038,-7.02705857873419,2.79432624756966e-05,15.22,1,9.17028752460882e-05,3.45750426510686e-05,0.000116041138608266,TRUE,TRUE,TRUE
"SUMF1","Formylglycine-generating enzyme",1.17,"Up in X5H",4.018,6.9857261730414,2.94311745733371e-05,18.22,4,9.60317945721717e-05,4.45178608018854e-05,0.000145841193613728,TRUE,TRUE,TRUE
"P3H3","Prolyl 3-hydroxylase 3",1.73,"Up in X5H",4.004,6.95661174722579,3.05303891309441e-05,16.12,8,9.90396450042743e-05,7.41156038491758e-05,0.000226402699006491,TRUE,TRUE,TRUE
"METTL15","12S rRNA N4-methylcytidine (m4C) methyltransferase",1.3,"Up in X5H",4.001,6.9494006072058,3.08094245590049e-05,16.17,5,9.97807143490048e-05,6.0286808662998e-05,0.000189239812657273,TRUE,TRUE,TRUE
"BOK","Bcl-2-related ovarian killer protein",2.14,"Up in X5H",3.924,6.79264336415574,3.76067256965148e-05,16.49,2,0.000118994115479293,6.45706459857199e-05,0.000201510818722313,TRUE,TRUE,TRUE
"FCF1","rRNA-processing protein FCF1 homolog",-2.06,"Up in X1H",3.885,-6.71360854583265,4.16316439527128e-05,17.65,2,0.000130423514264836,6.95782593366966e-05,0.000214535987751555,TRUE,TRUE,TRUE
"TK1","Thymidine kinase, cytosolic",-2.85,"Up in X1H",3.877,-6.69808043597464,4.24756023842344e-05,15.28,3,0.000132767110040948,9.0950590430764e-05,0.00026975170104202,TRUE,TRUE,TRUE
"FGFR4","Fibroblast growth factor receptor 4",-1.27,"Up in X1H",3.812,-6.5630024529749,5.06432050593484e-05,17.28,4,0.000154123423776415,8.39669001831882e-05,0.000251815584583844,TRUE,TRUE,TRUE
"SLC52A2","Solute carrier family 52, riboflavin transporter, member 2",-1.5,"Up in X1H",3.811,-6.55950563567253,5.08758842438097e-05,16.08,1,0.000154587729357325,4.57955487021987e-05,0.000149378314041295,TRUE,TRUE,TRUE
"TLCD4","TLC domain-containing protein 4",2.75,"Up in X5H",3.801,6.538775848179,5.2279060544618e-05,15.59,2,0.000158066020052379,0.000102228735992079,0.000299301054361766,TRUE,TRUE,TRUE
"ACAD10","Acyl-CoA dehydrogenase family member 10",2.46,"Up in X5H",3.73,6.39488658521107,6.32426590070013e-05,16.13,13,0.000186357974773121,0.000148286395142497,0.000411543433423151,TRUE,TRUE,TRUE
"ARHGAP5","Rho GTPase-activating protein 5",1.9,"Up in X5H",3.722,6.37874817581743,6.46184951763584e-05,15.17,7,0.000189656565455612,0.000145221286766897,0.000404554780508347,TRUE,TRUE,TRUE
"TMEM165","Transmembrane protein 165",-1.22,"Up in X1H",3.628,-6.19820249458554,8.24025401278578e-05,17.36,2,0.000235668744643759,7.18277486594718e-05,0.000220552562956977,TRUE,TRUE,TRUE
"TPRKB","EKC/KEOPS complex subunit TPRKB",1.52,"Up in X5H",3.625,6.19336965602236,8.29454851271831e-05,15.18,4,0.000236867005549007,0.000151569692479354,0.000419475149859841,TRUE,TRUE,TRUE
"RASSF4","Ras association domain-containing protein 4",1.75,"Up in X5H",3.622,6.18688662863701,8.36798541783661e-05,15.43,2,0.000238848865013696,0.000123361448312938,0.000351942955481029,TRUE,TRUE,TRUE
"EZH2","Histone-lysine N-methyltransferase EZH2",-2,"Up in X1H",3.606,-6.15477866118342,8.74211364667032e-05,15.07,3,0.000248015275092724,0.000161154704442139,0.000442278472256094,TRUE,TRUE,TRUE
"MIGA1","Mitoguardin 1",1.74,"Up in X5H",3.594,6.13238860864922,9.01360130503978e-05,14.71,2,0.000254818341719639,0.000132982039682308,0.000375766346131909,TRUE,TRUE,TRUE
"P2RX4","P2X purinoceptor 4",1.39,"Up in X5H",3.562,6.07192450433916,9.79293249765397e-05,16.56,3,0.000274100196729511,0.000143958965474332,0.000401794905052653,TRUE,TRUE,TRUE
"LPGAT1","Acyl-CoA:lysophosphatidylglycerol acyltransferase 1",1.63,"Up in X5H",3.553,6.05572973685452,0.000100137188175967,15.78,6,0.000279618566511184,0.000208810286955057,0.000551576101746907,TRUE,TRUE,TRUE
"C1orf52","UPF0690 protein C1orf52",-2.72,"Up in X1H",3.539,-6.02851225691371,0.000103968840332838,15.86,1,0.000289362007643181,0.000185263107073177,0.000499636191682767,TRUE,TRUE,TRUE
"MBD3","Methyl-CpG-binding domain protein 3",-2.65,"Up in X1H",3.51,-5.97619332237869,0.000111782558329985,14.49,2,0.000308784966217797,0.000208615095271278,0.000551552957426342,TRUE,TRUE,TRUE
"POLG2","DNA polymerase subunit gamma-2, mitochondrial",1.23,"Up in X5H",3.486,5.93074173491808,0.000119081961938649,17.77,5,0.000326358484849924,0.000217521872614881,0.000568748086726581,TRUE,TRUE,TRUE
"SDSL","Serine dehydratase-like",1.93,"Up in X5H",3.483,5.92401885648077,0.00012020426633315,14.97,4,0.000328977171088459,0.000233711730730343,0.000604402233711295,TRUE,TRUE,TRUE
"ZBTB8OS","Protein archease",1.67,"Up in X5H",3.479,5.91596220945239,0.000121564163589708,15.09,1,0.00033208455953846,0.000148125441550092,0.000411543433423151,TRUE,TRUE,TRUE
"LIPT2","Putative lipoyltransferase 2, mitochondrial",2.13,"Up in X5H",3.387,5.74880002122586,0.000153834447928818,15.64,2,0.000409832700763088,0.000259579947456541,0.00066175551447667,TRUE,TRUE,TRUE
"SLC2A9","Solute carrier family 2, facilitated glucose transporter member 9",1.62,"Up in X5H",3.371,5.71710987250561,0.000160926453778915,15.36,1,0.000425850548752166,0.000193382347241543,0.000518460964489447,TRUE,TRUE,TRUE
"SPC24","Kinetochore protein Spc24",-1.74,"Up in X1H",3.341,-5.65895535795812,0.000174866181736678,14.61,3,0.000456410761947915,0.000297306237415887,0.000743516909040493,TRUE,TRUE,TRUE
"SMIM4","Small integral membrane protein 4",-2.14,"Up in X1H",3.335,-5.64826349488688,0.000177566613349823,15.91,1,0.000462235658245008,0.000275772551475896,0.0006955439842638,TRUE,TRUE,TRUE
"FBXL8","F-box/LRR-repeat protein 8",1.67,"Up in X5H",3.325,5.62739218649654,0.00018296725602383,15.31,3,0.000473585850346894,0.000304695665399361,0.000757581932754934,TRUE,TRUE,TRUE
"SMPD1","Sphingomyelin phosphodiesterase",-1.45,"Up in X1H",3.322,-5.62340324699877,0.000184019256874331,15.49,4,0.000476100543474166,0.000320938015381397,0.000794556584523736,TRUE,TRUE,TRUE
"TSPAN6","Tetraspanin-6",-2.08,"Up in X1H",3.315,-5.61014479804644,0.000187562571006618,17.48,3,0.000484209307437241,0.00033949594466987,0.00083491168105221,TRUE,TRUE,TRUE
"RIOX2","Ribosomal oxygenase 2",-1.21,"Up in X1H",3.27,-5.52920281415093,0.00021083651180339,15.7,7,0.000537029548144925,0.000414548279982077,0.000996701411074341,TRUE,TRUE,TRUE
"EPHA2","Ephrin type-A receptor 2;Ephrin type-A receptor 2;Ephrin type-B receptor 4",-1.55,"Up in X1H",3.23,-5.45778024615672,0.000233940083935608,16.29,1,0.000589282024966791,0.000276155666392074,0.00069621349724836,TRUE,TRUE,TRUE
"PARS2","Probable proline--tRNA ligase, mitochondrial",1.79,"Up in X5H",3.226,5.45022873848159,0.000236536199812362,15.36,3,0.00059480862485752,0.00040308435751369,0.000971890158685261,TRUE,TRUE,TRUE
"FBLL1","rRNA/tRNA 2'-O-methyltransferase fibrillarin-like protein 1;rRNA/tRNA 2'-O-methyltransferase fibrillarin-like protein 1;rRNA 2'-O-methyltransferase fibrillarin",-2.44,"Up in X1H",3.21,-5.42247709046258,0.000246343931480658,21.36,3,0.000617111364339987,0.000456858300952171,0.001085198942888,TRUE,TRUE,TRUE
"ANKRD13A","Ankyrin repeat domain-containing protein 13D",-1.55,"Up in X1H",3.184,-5.37574254587863,0.000263853331179515,13.4,1,0.000654874228435062,0.000312632798071514,0.000775943064676657,TRUE,TRUE,TRUE
"HSD17B13","17-beta-hydroxysteroid dehydrogenase 13",1.52,"Up in X5H",3.146,5.31126972215558,0.000290217270438543,14.91,3,0.000714613228957495,0.000458162088829187,0.00108698680016131,TRUE,TRUE,TRUE
"MYO3B","Myosin-IIIb",-4.15,"Up in X1H",3.022,-5.09889151475869,0.000398831175124378,16.21,1,0.000950799380826328,0.000733699409848444,0.00166524718376419,TRUE,TRUE,TRUE
"GCAT","2-amino-3-ketobutyrate coenzyme A ligase, mitochondrial",1.09,"Up in X5H",2.966,5.00348776566759,0.000461021564697696,17.64,6,0.00108077044307301,0.000811990763672526,0.00182405062591129,TRUE,TRUE,TRUE
"S100A10","Protein S100-A10",2.26,"Up in X5H",2.962,4.99609329061166,0.000466253929894975,15.45,1,0.00109215851730203,0.00073587438062109,0.0016695432170763,TRUE,TRUE,TRUE
"TMEM256","Transmembrane protein 256",2.21,"Up in X5H",2.957,4.98649710556552,0.000473138380220373,15.95,2,0.00110436283856566,0.00078167005155135,0.00176263021914228,TRUE,TRUE,TRUE
"PHKB","Phosphorylase b kinase regulatory subunit (Fragment)",1.61,"Up in X5H",2.952,4.97565007436499,0.000481050287212232,15.61,2,0.00111797900606236,0.000691340298776887,0.00157757830615613,TRUE,TRUE,TRUE
"HAAO","3-hydroxyanthranilate 3,4-dioxygenase",1.54,"Up in X5H",2.942,4.95962827543604,0.000492994527647826,18.74,10,0.00114259640426643,0.000945880552322988,0.00208135932617892,TRUE,TRUE,TRUE
"TRPM4","Transient receptor potential cation channel subfamily M member 4",1.88,"Up in X5H",2.937,4.95136098502967,0.000499280473995785,15.45,7,0.00115535493337233,0.000939447480376652,0.00207124488234172,TRUE,TRUE,TRUE
"KEAP1","Kelch-like ECH-associated protein 1",-1.88,"Up in X1H",2.876,-4.84909129502036,0.00058446994228475,14.66,2,0.00133059478613197,0.000904465919761324,0.00200589387077502,TRUE,TRUE,TRUE
"SCRN2","Secernin-2",1.38,"Up in X5H",2.867,4.83302115182081,0.000599199872399105,16.08,3,0.00135737582120425,0.000892535530756343,0.00198464214035524,TRUE,TRUE,TRUE
"DCBLD1","Discoidin, CUB and LCCL domain-containing protein 1",-1.7,"Up in X1H",2.83,-4.77356091243295,0.00065721244456594,15.39,2,0.00148029160049359,0.000971282236533143,0.0021285470346543,TRUE,TRUE,TRUE
"USP40","Ubiquitin carboxyl-terminal hydrolase 40",1.6,"Up in X5H",2.817,4.7532562466051,0.000678360695619579,15.16,2,0.00152386493393358,0.00096978219658351,0.0021266568514855,TRUE,TRUE,TRUE
"ZCCHC10","Zinc finger CCHC domain-containing protein 10",-1.46,"Up in X1H",2.788,-4.70680698375269,0.000729493896348298,15.51,1,0.001627607611121,0.000877160484249932,0.00195265560019069,TRUE,TRUE,TRUE
"PTPRK","Protein-tyrosine-phosphatase",1.86,"Up in X5H",2.783,4.69757811577263,0.000740130239653724,15.63,1,0.00164823132406138,0.00105977220050955,0.00229947638812431,TRUE,TRUE,TRUE
"ASB9","Ankyrin repeat and SOCS box protein 9",1.88,"Up in X5H",2.742,4.62979397472399,0.000823455877435448,15.3,2,0.00181129681293143,0.00126304856634048,0.00269313815028347,TRUE,TRUE,TRUE
"GATA4","Transcription factor GATA-4",-1.64,"Up in X1H",2.741,-4.62856266854912,0.000825058131511639,14.8,1,0.00181414677226101,0.00109579233514663,0.00237067760404483,TRUE,TRUE,TRUE
"FAM120B","Constitutive coactivator of peroxisome proliferator-activated receptor gamma",1.34,"Up in X5H",2.711,4.57810505748754,0.000893631875436045,15.26,2,0.00194397787020407,0.00114647161794147,0.00247218387877539,TRUE,TRUE,TRUE
"CACTIN","Cactin",-1.92,"Up in X1H",2.662,-4.49850508084456,0.00101431183605325,15.66,3,0.00218005199198222,0.00164664725922537,0.00339839966265661,TRUE,TRUE,TRUE
"C5orf24","UPF0461 protein C5orf24",-1.4,"Up in X1H",2.64,-4.4654948459181,0.00106929319062903,14.79,1,0.00228824875549799,0.0012705943910901,0.00270727656178615,TRUE,TRUE,TRUE
"ELP4","Elongator complex protein 4",-1.6,"Up in X1H",2.611,-4.41779992925667,0.0011543432860596,14.35,2,0.00244987418350597,0.001645968708158,0.00339818452413499,TRUE,TRUE,TRUE
"CBFB","Core-binding factor subunit beta (Fragment)",1.72,"Up in X5H",2.611,4.41719654270345,0.00115546378852459,15.61,1,0.00245137297837934,0.00158601356355605,0.00329278675633724,TRUE,TRUE,TRUE
"SAMD4B","Protein Smaug homolog 2",-1.34,"Up in X1H",2.593,-4.38784146932044,0.00121138329213165,13.42,2,0.0025517105516351,0.00157116216013224,0.00326539041148665,TRUE,TRUE,TRUE
"ZFYVE1","Zinc finger FYVE domain-containing protein 1",1.46,"Up in X5H",2.582,4.36966436329379,0.00124743100884072,14.9,3,0.00262111124975517,0.00187086358356051,0.00380670557906724,TRUE,TRUE,TRUE
"ORM2","Alpha-1-acid glycoprotein 2",-2.61,"Up in X1H",2.545,-4.31078829646545,0.00137213852769209,16.33,1,0.00285375875864818,0.00216319524088639,0.00430818789644051,TRUE,TRUE,TRUE
"C1orf131","Uncharacterized protein C1orf131",-1.73,"Up in X1H",2.535,-4.29542639307036,0.00140678688362887,15.16,2,0.00291557197563293,0.00206508169701317,0.00413925758849151,TRUE,TRUE,TRUE
"DHTKD1","Probable 2-oxoglutarate dehydrogenase E1 component DHKTD1, mitochondrial",1.33,"Up in X5H",2.5,4.24000083745181,0.00153963252145166,15.65,4,0.00316429511268825,0.00238549181940666,0.00467847368095101,TRUE,TRUE,TRUE
"EPB41L1","Band 4.1-like protein 1 (Fragment)",1.59,"Up in X5H",2.403,4.08659991404563,0.00198055044556865,14.97,1,0.00395241719609771,0.00262303845928307,0.0050953770727439,TRUE,TRUE,TRUE
"HAPLN3","Hyaluronan and proteoglycan link protein 3",1.9,"Up in X5H",2.397,4.07696910528407,0.00201231455834227,16.35,1,0.00400776527072392,0.00287006169097605,0.0055047504134539,TRUE,TRUE,TRUE
"SIPA1L1","Signal-induced proliferation-associated 1-like protein 1",-1.43,"Up in X1H",2.355,-4.00991886546556,0.00224875841993555,13.38,2,0.00441469926037115,0.00303748880656936,0.00579207904236897,TRUE,TRUE,TRUE
"ASF1A","Histone chaperone ASF1B;Histone chaperone ASF1A",-1.36,"Up in X1H",2.353,-4.00708195698344,0.00225938097201621,18.02,1,0.00443261180749996,0.00273782976117608,0.00528539598593111,TRUE,TRUE,TRUE
"TRIP12","E3 ubiquitin-protein ligase TRIP12",-2.07,"Up in X1H",2.193,-3.76107279145857,0.00341231993516558,14.72,1,0.00640567800011889,0.00489285431899438,0.00885352263164823,TRUE,TRUE,TRUE
"CD99","CD99 antigen",-2.45,"Up in X1H",2.182,-3.74397828659632,0.00351239685675124,15.46,1,0.00657269203080237,0.00519393515651777,0.00932701496847211,TRUE,TRUE,TRUE
"RBP5","Retinol-binding protein 5",1.31,"Up in X5H",2.156,3.70239684054437,0.00376875058652965,15.42,2,0.00698174615544644,0.00489153021745014,0.00885352263164823,TRUE,TRUE,TRUE
"CYP2W1","Cytochrome P450 2W1",2.16,"Up in X5H",2.077,3.58317651739401,0.00461687638282445,15.26,6,0.00837206789983826,0.00712789475914958,0.0124046333205553,TRUE,TRUE,TRUE
"C1orf50","Uncharacterized protein C1orf50",1.16,"Up in X5H",2.009,3.47993488584281,0.00551026159755891,15.36,5,0.00980408730745334,0.00803962405122813,0.0138326419049482,TRUE,TRUE,TRUE
"EBI3","Interleukin-27 subunit beta",1.61,"Up in X5H",1.97,3.4223608524418,0.00608409086698971,16.18,1,0.010710968658131,0.0080105125337403,0.0137905739488337,TRUE,TRUE,TRUE
"GOLPH3L","Golgi phosphoprotein 3-like;Golgi phosphoprotein 3-like;Golgi phosphoprotein 3",1.98,"Up in X5H",1.967,3.41803345150869,0.00612963217771717,16.23,1,0.0107847260171134,0.008482749870932,0.01451907173454,TRUE,TRUE,TRUE
"USP12","Ubiquitin carboxyl-terminal hydrolase 12",1.21,"Up in X5H",1.939,3.37595635514413,0.00659114358137074,15.89,1,0.0115009721530435,0.00773302102728045,0.013359499392239,TRUE,TRUE,TRUE
"CMC4","Cx9C motif-containing protein 4",1.5,"Up in X5H",1.926,3.35653951972101,0.00681600182169067,16.16,2,0.0118444295973403,0.00914917114412743,0.0155472847960373,TRUE,TRUE,TRUE
"KIF20A","Kinesin-like protein KIF20A",-1.39,"Up in X1H",1.916,-3.34125464794704,0.00699853715227519,14.53,2,0.0121260159092276,0.00921208444206353,0.0156362316820682,TRUE,TRUE,TRUE
"TRBV10-2","T cell receptor beta variable 10-2",-3.83,"Up in X1H",1.9,-3.31650070313107,0.00730485497140463,15.95,1,0.0125757424689558,0.0106767432271829,0.0177805487405689,TRUE,TRUE,TRUE
"LYRM1","LYR motif-containing protein 1",1.54,"Up in X5H",1.851,3.24432481792193,0.00827877715440119,15.83,2,0.0141046715872709,0.0110867744615844,0.018390929209194,TRUE,TRUE,TRUE
"PGAP2","Post-GPI attachment to proteins factor 2",1.21,"Up in X5H",1.825,3.20719483856159,0.00883054383403356,15.13,1,0.0149543010492205,0.0104777825715732,0.0174935212968393,TRUE,TRUE,TRUE
"GLYCTK","Glycerate kinase",1.32,"Up in X5H",1.717,3.04897766880202,0.0116351682221882,16.19,3,0.0191822182386826,0.0155269845201695,0.0249046265670488,TRUE,TRUE,TRUE
"PATZ1","POZ-, AT hook-, and zinc finger-containing protein 1",-1.05,"Up in X1H",1.645,-2.94506776920775,0.0139541716870007,13.98,1,0.0226210503758859,0.0157164876515652,0.0251676474788393,TRUE,TRUE,TRUE
"PPP1R21","Protein phosphatase 1 regulatory subunit 21",1.1,"Up in X5H",1.577,2.84471247881178,0.0166363337100426,15.11,6,0.0264829665220129,0.0226605361780596,0.034999319385429,TRUE,TRUE,TRUE
"IGLV3-12","Immunoglobulin lambda variable 3-12",-2.53,"Up in X1H",1.52,-2.7605509383014,0.0192811644999837,16.08,1,0.0302201801272279,0.0256208488152306,0.0390619572081804,TRUE,TRUE,TRUE
"ERAP2","Endoplasmic reticulum aminopeptidase 2",1.07,"Up in X5H",1.427,2.62564331721876,0.0244236400142081,15.02,4,0.0374002789762084,0.0313962283241284,0.046900315954042,TRUE,TRUE,TRUE
"SETDB2","Histone-lysine N-methyltransferase SETDB2",-1.87,"Up in X1H",1.402,-2.58870506144826,0.026055252832327,15.66,1,0.0396525028315018,0.0331862261501632,0.0492654627646303,TRUE,TRUE,TRUE
"RAB3B","Ras-related protein Rab-3B",-2.56,"Up in X1H",1.397,-2.58208653852096,0.0263587907993131,15.22,1,0.040044998298454,0.0342732414281942,0.0506606968600113,TRUE,TRUE,TRUE
"CCNC","Cyclin-C",-1.06,"Non-significant",1.255,-2.3736814175111,0.037917320692775,15.01,1,0.0555751267126949,0.043701975362063,0.0629925915267544,TRUE,TRUE,TRUE
"COL1A2","Collagen alpha-2(I) chain",-1.3,"Non-significant",1.253,-2.37014981938431,0.0381507469906787,14.83,1,0.0558619079296822,0.045736015459621,0.0656844668627615,TRUE,TRUE,TRUE
"TRIM4","E3 ubiquitin-protein ligase TRIM4",-0.97,"Non-significant",1.184,-2.26680901249294,0.0456335900706848,14.04,2,0.0654976996442901,0.0531999866472444,0.0752172810016117,TRUE,TRUE,TRUE
"PRXL2B","Prostamide/prostaglandin F synthase",-1.15,"Non-significant",0.903,-1.84064120700234,0.0940773240681396,13.48,1,0.125140173766526,0.107596374784207,0.140944819481548,TRUE,TRUE,TRUE
"CHCHD7","Coiled-coil-helix-coiled-coil-helix domain-containing protein 7",1.29,"Non-significant",0.728,1.56498151557172,0.147203872635643,15.77,1,0.187151979885067,0.165870528705564,0.207891531105873,TRUE,TRUE,TRUE
